{
    "camera": {
        "fieldOfView": 22.27373589884055,
        "from": [
            -6.925790786743164,
            -7.358891487121582,
            4.958309173583984
        ],
        "to": [
            -6.311620235443115,
            -6.707333087921143,
            4.51303768157959
        ],
        "up": [
            0.305420845746994,
            0.32401347160339355,
            0.8953956365585327
        ]
    },
    "output": {
        "resolution": [
            1920,
            1080
        ]
    },
    "surface": [
        "final.obj"
    ],
    "directionalLights": [
        {
            "direction": [
                0.0,
                0.0,
                1.0
            ],
            "radiance": [
                1.0,
                1.0,
                1.0
            ]
        }
    ],
    "pointLights": [
        {
            "location": [
                -3.329125165939331,
                -4.96567964553833,
                6.537968635559082
            ],
            "radiance": [
                318.3098861837907,
                318.3098861837907,
                318.3098861837907
            ]
        }
    ]
}